,Tungsten coil,,,,,
Column1,Density,Length,diameter,Volume,Weight,Final weight per bulb
Pi,kg/m3,m,m,m3,kg,g
3.14159265358979,19300,5.8,4.6e-05,3.85561383189768e-08,0.000744133469556252,0.744133469556252
