,Tungsten coil,,,,,
,Density,Length,diameter,Volume,Weight,Final weight per bulb
Pi,kg/m3,m,m,m3,kg,g
3.141592653589793,19300,5.8,4.6e-05,3.8556138318976814e-08,0.0007441334695562525,0.7441334695562525
